防災資訊_河川警戒,http://wise.wra.gov.tw/dataset/waterlevelwarningofdisasterpreventioninformation,經濟部水利署災害緊急應變小組，運用長期防災應變等相關經驗，進一步結合雨量、水位、水庫等即時資料，透過電腦科技的運算，提供民眾與相關單位水位警戒。讓民眾了解居家淹水風險，及早準備，降低災害的發生。本資料集係連結到KML(Keyhole Markup Language)檔案清冊，該格式是基於XML（eXtensible Markup...
高屏溪水系隘寮溪支流武洛溪河川區域圖,http://wise.wra.gov.tw/dataset/riverareamapofwuluoriver,由於社會發展迅速，沿岸土地利用及使用行為越來越多元，加以兩岸土地地籍重測、堤防護岸興建及自然環境變遷等因素，為使河川有效管理且顧及民眾權益及安全，需予劃定河川區域，釐訂管理範圍。依據水利法第78條之2與河川管理辦法第6及第7條規定，本署製作「高屏溪水系隘寮溪支流武洛溪河川區域圖」，其係經測量製作為數值河川圖籍後再轉換為KML檔案以供使用者下載套匯，並僅...
河川專題文章,http://wise.wra.gov.tw/dataset/rivertopicarticle,本資料集包含蒐集相關親水、河川復育、河川景觀整治工程、河川、水資源保育、水源、生態工程、生態保育、防災、節水、水文、教育、工程等水利生態相關文章。本資料集係由水利署資訊室水利知識服務網資料庫管理系統所提供。主要以「預知民眾需求」、「環境教育」、「學術研究」為導向配合水利署提出知相關主題，聘請水利生態相關領域之專家、達人、學者進行邀稿。每年不定期收錄相關...
河川流量測站站況,http://wise.wra.gov.tw/dataset/riverflowobservatoryprofile,本資料集主要描述水利署所屬流量站之基本資料，有助於了解流量站的相關內容。 資料集中包括包括測站所屬流域，主流、測站所屬之流域，支流、次支流，次支流、一級警戒水位高、二級警戒水位高，、三級警戒水位高、流域編號、是否易受天災破壞、所需車程、測站有市電供電、工程施工管理、設置之橋樑或構造物名稱、...
水資源作業基金附屬單位決算,http://wise.wra.gov.tw/dataset/waterresourcesoperationfundsubordinateagencyfinancialstatement,本資料集包括：「收支決算及說明、現金流量決算、平衡表明細、餘絀撥補明細」。
河川水位測站站況,http://wise.wra.gov.tw/dataset/riverstageobservatoryprofile,"本資料集主要描述水利署所屬水位站之基本資料，有助於了解水位站的相關內容。
包括測站所屬流域，主流、測站所屬之流域，支流、次支流，次支流、一級警戒水位高、二級警戒水位高，、三級警戒水位高、流域編號、是否易受天災破壞、所需車程、測站有市電供電、工程施工管理、設置之橋樑或構造物名稱、..."
水利署生活用水量統計,http://wise.wra.gov.tw/dataset/waterresourcesagencywaterconsumptionstatisticsfordomesticusage,本資料集為每年委辦統計前一年度資料並產製一次，各標的用水之運用情形，長久以來皆為經建、水利相關單位及各學術研究單位所重視，為使政府對於各項用水量，能有明確之統計數據，以利於各項用水政策的訂定，及各界進行水資源規劃之參考，本水利署為提供大眾此項寶貴資訊，固定每年出版用水統計報告。前揭統計年報之統計、編寫方式已沿用多年，近年來水資源開發及應用情勢變化日趨多...
中部地區水資源管理最新消息,http://wise.wra.gov.tw/dataset/centerregionwaterresourcesmanagementnews,"中部地區水資源管理最新消息，目前提供鯉魚潭水庫、石岡壩、集集攔河堰、湖山水庫、大安大甲溪水源聯合運用輸水工程計畫、烏溪鳥嘴潭人工湖工程計畫及大金海淡擴建工程之最新訊息，資料項目將會機動調整，以提供最新最完整之內容予社會大眾。本訊息由經濟部水利署中區水資源局提供。本局位於烏溪水系大里溪支流草湖溪左岸，左臨水利署水利規劃試驗所,右接水利署第三河川局,行政區..."
水利署及所屬法定預算,http://wise.wra.gov.tw/dataset/wralegalbudget,本資料集包括：「歲入來源別預算表、歲出機關別預算表、歲入項目說明提要表、歲出計畫提要及分支計畫概況表、各項費用彙計表、歲出用途別科目分析表、資本支出分析表、人事費用分析表、預算員額明細表、公務車輛明細表、辦公房舍明細表、補助經費分析表、捐助經費分析表、派員出國計畫預算總表、派員出國計畫類別表-開會、派員赴大陸計畫預算表、歲出按職能及經濟性綜合分類表、跨...
中區水資源局轄管水庫、堰、壩洩洪訊息,http://wise.wra.gov.tw/dataset/reservoirweirdamfloodmessageofcentralregionwaterresourcesoffice,經濟部水利署中區水資源局轄管水庫、堰、壩洩洪訊息，訊息來源包含鯉魚潭水庫、石岡壩、集集攔河堰及湖山水庫，於堰、壩有排洪、排砂、調節水量等需求，需要開啟閘門或水庫自然溢流情形發生時，公告相關訊息，提醒下游低窪地區民眾注意防範。由經濟部水利署中區水資源局提供，中區水資源局主管台灣中部地區水資源工程規劃、設計、施工，與所轄鯉魚潭水庫、石岡壩及集集攔河堰之營運...
水利署及所屬預算案,http://wise.wra.gov.tw/dataset/wrabudgetproposal,本資料集包括：「歲入來源別預算表、歲出機關別預算表、歲入項目說明提要表、歲出計畫提要及分支計畫概況表、各項費用彙計表、歲出用途別科目分析表、資本支出分析表、人事費用分析表、預算員額明細表、公務車輛明細表、辦公房舍明細表、補助經費分析表、捐助經費分析表、派員出國計畫預算總表、派員出國計畫類別表-開會、派員赴大陸計畫預算表、歲出按職能及經濟性綜合分類表、跨...
水資源作業基金附屬單位會計報表,http://wise.wra.gov.tw/dataset/waterresourcesoperationfundaccountingstatement,本資料集包括：「收支餘絀明細、購建固定資產計畫執行情形、平衡表明細」。主要描述水資源作業基金辦理水庫、海堤、河川及排水設施之管理、清淤疏濬、災害搶修搶險、相關人才培訓、回饋措施及溫泉業務等預算執行情形。本資料集的製作方式係由經濟部水利署所屬三區水資源局及經濟部水利署將預算執行資料報送後彙整，由經濟部水利署於期限前完成彙編。
水資源作業基金預算案,http://wise.wra.gov.tw/dataset/waterresourcesoperationfund,本資料集包括：「收支預計表及說明、現金流量預計表及補充說明、預計平衡表、餘絀撥補預計表」。
水利署水庫警告設施設置圖,http://wise.wra.gov.tw/dataset/waterresourcesagencywarningfacilityinreservoir,強化我國民眾從事水域遊憩活動之安全資訊，擴大公私部門水域事故防災地圖資料之整合，並參照政府資料開放平臺之資料開放（Open...
水利署及所屬單位決算,http://wise.wra.gov.tw/dataset/waterresourcesagencyunitfinalreport,本資料集包括：「歲入來源別決算表、歲出政事別決算表、歲出機關別決算表、以前年度歲入來源別轉入數決算表、以前年度歲出政事別轉入數決算表、以前年度歲出機關別轉入數決算表、歲入類平衡表(決算)、經費類平衡表(決算)」。
水利署_招標及決標訊息,http://wise.wra.gov.tw/dataset/waterresourcesagencytheannouncementfortenderandawardofpublicbidding,提供書面公共工程及採購契約資訊
水利署統計書刊,http://wise.wra.gov.tw/dataset/waterresourcesagencystatisticbooksandperiodicals,提供水利統計書刊
水利署統計分析,http://wise.wra.gov.tw/dataset/waterresourcesagencystatisticanalysis,提供各縣市水利統計分析
水利署統計資料指標,http://wise.wra.gov.tw/dataset/waterresourcesagencystatisticaldataindicator,提供水利統計資料指標
水利署研究計畫報告書基本資料,http://wise.wra.gov.tw/dataset/waterresourcesagencyresearchprojectreportprofile,本資料集提供計畫成果歸檔後資料，研究計畫包含科專計畫、一般研究、調查研究、研究發展類計畫等四類。主要提供水利署辦理之委託服務計畫基本資料，包括計畫年度、計畫編號、中、英文計畫名稱、計畫主類別、計畫次類別、主辦人員機關、單位、契約開始日期、契約結束日期、契約經費資本門、契約經費經常門、中文計畫摘要、英文計畫摘要、年度項目、受委託機構、主持人姓名、中文關鍵...
水利署所屬雨量站基本資料,http://wise.wra.gov.tw/dataset/waterresourcesagencyrainfallstationsprofile,本資料集主要包含經濟部水利署所轄雨量觀測站站況基本資料，包括測站站號、中文站名、中文站址、英文站址、流域編號、縣市代碼、鄉鎮代碼、TM2度分帶97X坐標、TM2度分帶97Y坐標、標高、存廢代碼、設置地點之單位名稱、測站所屬村里、測站所屬之流域(支流)、測站所屬之流域(次支流)、設備類型、是否有傳輸設備等。本資料集資料內容更新頻率為每年一次，於每年度資料...
水利署公務統計方案,http://wise.wra.gov.tw/dataset/waterresourcesagencypublicservicestatisticscheme,提供公務統計方案
水利署組織職掌及聯絡方式,http://wise.wra.gov.tw/dataset/waterresourcesagencyorganizationdutyandconnection,提供水利署組織與職掌、地址、電話、傳真、網址及電子郵件信箱連結
水利署最新消息,http://wise.wra.gov.tw/dataset/waterresourcesagencynews,提供水利署最新訊息，包括新聞稿、公告及徵才等。
水利署水利統計簡訊,http://wise.wra.gov.tw/dataset/waterresourcesagencyhydraulicstatisticmessage,提供各期水利統計簡訊
水利署國賠統計,http://wise.wra.gov.tw/dataset/waterresourcesagencygovernmentcompensationstatistical,辦理國家賠償事件收結情形表
水利署_決算書,http://wise.wra.gov.tw/dataset/waterresourcesagencyfinalreport,提供年度決算
水利署_統計動態,http://wise.wra.gov.tw/dataset/waterresourcesagencydynamicstatistics,提供水利統計動態
水利署疏濬資訊(2013年9月以後),http://wise.wra.gov.tw/dataset/waterresourcesagencydredgeinformation_x0028_afterseptember2013_x0029_,本資料集主要提供全台灣水利署所掌管之最新各中央管河川疏濬資訊，包括淤積量、規劃量與目前執行量等相關資訊。
水利署委辦計畫基本資料,http://wise.wra.gov.tw/dataset/waterresourcesagencycommissionedprojectprofile,提供水利署委辦計畫基本資料供參考
水利署及所屬單位位置圖,http://wise.wra.gov.tw/dataset/waterresourcesagencyandsubunitlocation,"
本資料集主要描述水利署暨所屬機關之辦公廳設位置資訊，用以提供各政府機關及受政府機關委託計畫之民間機構、團體或學術單位使用，欄位顯示為水利署單位名稱，地理空間資料表現形式為點，資料筆數總計18筆。
使用Google Earth軟體開啟本檔案，因Google提供之底圖影像並無經過精密之正射校正，圖層套疊時會產生些許誤差。
"
自來水生活用水量統計,http://wise.wra.gov.tw/dataset/thedomesticconsumptionofwater,年報，次年3月15日前上載；按各縣市別統計自來水生活用水量及每人每日生活用水量
自來水用水量,http://wise.wra.gov.tw/dataset/theconsumptionofwater,全台各縣市及鄉鎮市區之每月售水量資料
含沙量測站位置圖,http://wise.wra.gov.tw/dataset/sendcontentlocation,水利署暨所屬機關提供各政府機關及受政府機關委託計畫之民間機構、團體或學術單位使用各含沙量測站的相關點位資訊。
河川支流,http://wise.wra.gov.tw/dataset/riversubsidiarybasin,"
本資料集主要描述臺灣地區各依中央主管機關認定其屬於水資源開發或國土保育或區域發展關係重大之水系，並經公告之水道。內容包含流域名稱、河川名稱等項目。河川依其管理權責，分為中央管河川、直轄市管河川及縣（市）管河川三類。..."
河川復育英文版新聞,http://wise.wra.gov.tw/dataset/riverrestorationnewsinenglishedition,本資料集主要係就河川復育蒐集英文版新聞，河川復育之理念與實踐源自歐洲。根據過去的研究，河川復育較嚴格的定義乃指「修復因人類活動所導致環境之損害，重建河川生態環境系統，在結構上與功能上回復至未受人類開發活動干擾前之自然狀態」。然而，由於人類開發活動干擾前的原始河川環境狀態目前並無歷史資料可遵循得知，修復河川系統至原始的自然情況在事實上難以達成；因此，在實...
河川斷面線位置圖,http://wise.wra.gov.tw/dataset/rivercrosslinelocation,水利署暨所屬機關提供各政府機關及受政府機關委託計畫之民間機構、團體或學術單位使用各河川斷面線位置的相關線段資訊。
河川河道,http://wise.wra.gov.tw/dataset/rivercoursebasin,"
本資料集主要描述臺灣地區各依中央主管機關認定其屬於水資源開發或國土保育或區域發展關係重大之水系，並經公告之水道。內容包含流域名稱、河川名稱等項目。河川依其管理權責，分為中央管河川、直轄市管河川及縣（市）管河川三類。..."
水利事業歷史用地取得作業執行情形,http://wise.wra.gov.tw/dataset/historicallandretrievingrecord,水利工程用地取得之執行作業歷史資料
疏濬點位資料,http://wise.wra.gov.tw/dataset/dredgingdata,本資料集主要提供全台灣水利署所掌管之最新各中央管河川疏濬資訊，包括疏濬規劃量與目前執行量等相關資訊。
水源保育與回饋費徵收與執行成果,http://wise.wra.gov.tw/dataset/compensationimpose,歷年水源保育與回饋費徵收金額以及經費分配運用狀況
地下水水位年度統計,http://wise.wra.gov.tw/dataset/annualstatisticsofgroundwaterlevel,本資料集主要為描述水利署所屬各地下水井之年度水位統計資訊，包含各井之年平均水位、年最高日水位、年最高日水位發生日、年最低日水位、年最低日水位發生日、瞬間最高水位、瞬間最高水位發生日時、瞬間最低水位、瞬間最低水位發生日時刻等，有助於了解各觀測井每年度水位之極值，並可利用此資料集掌握觀測井歷年極值變化之趨勢。本資料集的製作方式由水利署所屬第一~十河川局每月...
寶山第二水庫濁度資料,http://wise.wra.gov.tw/dataset/secondbaoshanreservoirturbidity,有鑒於新竹地區工商業的迅速發展、科學園區的產業欣欣向榮，吸引大量外來人口，導致公共及工業用水量與日俱增，用水的需求量早已不是寶山水庫、永和山水庫能夠承擔負荷的。因此，為增進新竹地區水源的供應，經濟部水利署、台灣自來水公司與新竹縣政府共同興建寶山第二水庫。...
石門水庫濁度資料,http://wise.wra.gov.tw/dataset/shimenreservoirturbidity,石門水庫位於大漢溪中游，地處桃園市大溪區與龍潭區、復興區、新竹縣、關西鎮之間，由於溪口處有雙峰對峙狀若石門，因而得名。其興建緣由，主要是因為大漢溪上游陡峻，無法涵蓄水源，延及下游各地區常遭水旱之苦；政府為解決民困、發展農業、興修水利，自民國四十五年七月展開興建石門水庫工作，並於五十三年六月完工，歷時八載，參加員工七千餘人，建設經費約達新台幣三十二億元，...
卑南溪種植區域等級劃分,http://wise.wra.gov.tw/dataset/classificationofplantingareaofbeinanbrook,根據現行最新修訂公告之河川區域種植規定，八河局於105年度完成卑南溪水系種植區域分級劃設。將河川區域之可種植區域劃分為五等級。本資料將五個等級劃分之各區域以圖幅表示。民眾可先閱覽初步瞭解所使用土地位於哪個區域及其劃分等級並可知曉依法令可種植之植物。目前卑南溪水系種植區域等級大多為第四級或第五級。另依據河川管理辦法第三十七條第四款禁止種植區域「其他為確保...
大臺北華城社區內各污水下水道系統水量累計歷年統計資料,http://wise.wra.gov.tw/dataset/wastewatersewercumulativewaterquantitystatisticsintaipeihuachengcommunity,依據新北市政府100年5月27日北府水設字第一○○○五三二五七七一號公告之公告事項二：「經下水道主管機關核定之專用下水道系統內部建築物納管部份，由該局(經濟部水利署臺北水源特定區管理局)作總量管制」。是以，本局於專用下水道系統僅做總量管制。依據政府資料開放授權條款及為使污水審查污水量累計透明化，故將大臺北華城社區內各污水下水道系統水量累計歷年統計資料開...
牡丹水庫集水區範圍圖,http://wise.wra.gov.tw/dataset/catchmentareaofmudanreservoir,牡丹水庫集水區範圍位於屏東縣牡丹鄉四重溪上游，所攔蓄汝仍溪及牡丹溪水量，供應家用及公共給水、農業用水等用水標的使用。本水庫集水區範圍係以牡丹水庫大壩以上全流域稜線以內所涵蓋之區域為原則劃設而成，集水區面積約66.48平方公里。經濟部水利署南區水資源局於101年12月依據「水庫集水區圖資製作與查認作業要點」規定，提送鯉魚潭水庫集水區範圍，並於104年11...
阿公店水庫集水區範圍圖,http://wise.wra.gov.tw/dataset/catchmentareaofagongdianreservoir,阿公店水庫集水區範圍位於高雄市燕巢區小崗山東麓與岡山區、田寮區交界，攔蓄之阿公店溪水源和由旗山溪月眉攔河堰（以下簡稱月眉堰）越域引水引取水源，供應家用及公共給水、農業用水、工業用水等用水標的與防洪目標使用。本水庫集水區範圍係以阿公店水庫大壩以上全流域稜線以內所涵蓋之區域為原則劃設而成，集水區面積約30.07平方公里。經濟部水利署南區水資源局於101年1...
石岡壩集水區範圍圖,http://wise.wra.gov.tw/dataset/catchmentareaofshigangdam,石岡壩水庫集水區範圍位於台中市石岡區大甲溪最下游，所攔引大甲溪水源，供作家用及公共給水、農業用水、工業用水等用水標的使用。本水庫集水區範圍係以石岡壩大壩以上全流域稜線以內所涵蓋之區域為原則劃設而成，集水區面積約186.45平方公里。經濟部水利署中區水資源局於102年2月28日依據「水庫集水區圖資製作與查認作業要點」規定，提送石岡壩水庫集水區範圍，並於1...
鯉魚潭水庫集水區範圍圖,http://wise.wra.gov.tw/dataset/catchmentareaofliyutanreservoir,鯉魚潭水庫集水區範圍位於苗栗縣景山溪下游，攔蓄景山溪水源及由士林攔河堰水庫(以下簡稱士林攔河堰)引入大安溪水源，供應家用及公共給水、農業用水及工業用水等用水標的使用，是一座離槽水庫。本水庫集水區範圍係以鯉魚潭水庫大壩以上全流域稜線以內所涵蓋之區域為原則劃設而成，集水區面積約52.77平方公里。經濟部水利署中區水資源局於102年2月28日依據「水庫集水區...
寶山第二水庫集水區範圍圖,http://wise.wra.gov.tw/dataset/catchmentareaofsecondbaoshanreservoir,寶山第二水庫集水區範圍位於新竹縣寶山鄉山湖村境內，攔蓄峨眉溪支流石井溪及由上坪堰越域引入頭前溪支流上坪溪等水源，供應家用及公共給水、農業用水、工業用水及水力用水等多目標使用，是一座離槽水庫。本水庫集水區範圍係以寶山第二水庫大壩以上全流域稜線以內所涵蓋之區域為原則劃設而成，集水區面積約2.83平方公里。經濟部水利署北區水資源局於101年12月依據「水庫集...
水利署臺北水源特定區管理局所發建築執照執照發照歷年統計,http://wise.wra.gov.tw/dataset/waterresourcesagencytaipeiwatermanagementofficereleasedconstructionpermitstatistics,臺北水源特定區管理局建管課主要業務為處理特定區發布後主要計畫與細部計畫之執行，無妨礙都市計畫與土地使用分區證明之核發，特定區計畫樁位測定埋設與維護管理，拆除執照、建造執照、雜項執照及使用執照之核發，建築物之施工及使用管理，建築線指定、畸零地合併使用與法定空地證明之核發，違章建築之查報、認定及處理。關於建管之災害應變、搶救擬定與陳報，以及其他臨時交辦事項...
海堤區域公告一覽表,http://wise.wra.gov.tw/dataset/announcementofseawallzone,資料來源為經濟部水利署歷年辦理臺灣北部地區、中部地區、南部地區、東部地區及離島地區海岸海堤區域檢討變更勘測計畫，包含臺南市海堤、臺北縣海堤、基隆縣海堤、桃園縣海堤、新竹縣海堤、苗栗縣海堤、臺中縣海堤、彰化縣海堤、新竹市海堤、雲林縣海堤、嘉義縣海堤、臺南縣海堤、高雄縣海堤、屏東縣海堤、金門縣海堤、澎湖縣海堤、連江縣海堤、宜蘭縣海堤、花蓮縣海堤及臺東縣海堤...
中央管河川河川區域公告一覽表,http://wise.wra.gov.tw/dataset/announcementofcentralriverzone,資料來源為經濟部水利署河川區域勘測計畫之資料，包括臺灣各中央管河川水系(蘭陽溪水系、磺溪水系、淡水河系、鳳山溪水系、頭前溪水系、中港溪水系、後龍溪水系、大安溪水系、大甲溪水系、烏溪水系、濁水溪水系、北港溪水系、朴子溪水系、八掌溪水系、急水溪水系、曾文溪水系、鹽水溪水系、二仁溪水系、阿公店溪水系、高屏溪水系、東港溪水系、四重溪水系、卑南溪水系、秀姑巒溪水...
中央管區域排水設施範圍公告一覽表,http://wise.wra.gov.tw/dataset/announcementofcentraldrainagezone,資料來源為經濟部水利署區域排水設施範圍勘測計畫所統整中央管區域排水系統資料。本資料集已公告之中央管區域排水，包含深澳坑溪排水、大內坑溪排水、塔寮坑溪排水、鶯歌溪(兔子坑溪)排水、德盛溪排水、四湖支線、鹽港溪排水、客雅溪排水、柯子湖溪排水、旱溪排水、柳川排水、同安厝排水、港尾子溪排水、四塊厝圳支線、員寶庄圳支線、大埔厝圳支線、興安排水、興安排水中四、後庄...
水利署地層下陷平均下陷速率等值線,http://wise.wra.gov.tw/dataset/waterresourcesagencylandsubsidenceaveragerateisopleth,本資料提供民國90年至91年、民國91年至92年、民國92年至93年、民國93年至94年、民國94年至95年、民國95年至96年、民國96年至97年、民國97年至98年、民國98年至99年、民國99年至100年、民國100年至101年、民國101年至102年、民國102年至103年、民國103年至104年、民國104年至105年之苗栗縣、台南市、高雄市...
水利署地層下陷累積下陷量等值線,http://wise.wra.gov.tw/dataset/waterresourcesagencylandsubsidenceaccumulatedvalueisopleth,本資料提供台北地區83年至103年、彰化地區81年至105年、彰化地區90年至105年、雲林地區81年至105年、雲林地區88年至105年、嘉義地區80年至105年、嘉義地區93年至105年、宜蘭地區81年至103年、台南地區90年至103年、高雄地區95年至105年、屏東地區83年至105年及屏東地區90年至105年之地層下陷地區累積下陷量資訊，讓使...
水利署地層下陷深層水準樁監測資訊,http://wise.wra.gov.tw/dataset/waterresourcesagencylandsubsidencedeepbenchmarkobservationdata,提供全臺地層下陷地區深層水準樁之監測資訊，讓使用者瞭解現有深層水準樁於對應深度壓縮結果之連續監測資料。截至105年度止，水利署共計建置3支深層水準樁，包括雲林縣土庫鎮土庫國中深度130及300公尺、雲林縣土庫鎮秀潭國小深度70公尺，未來將持續於彰化、雲林、嘉義、臺南及屏東地區地層下陷區評估增設深層水準樁之必要性。深層水準樁提供單一測站由地表至地下特定深...
水利署地層下陷深層水準樁基本資料,http://wise.wra.gov.tw/dataset/waterresourcesagencylandsubsidencedeepbenchmarkprofile,本資料集提供全臺水利署所屬之深層水準樁基本資訊，深層水準樁使用之自動量測系統包含電子式變位計與自動式記錄器，其中系統外接太陽能電源搭配蓄電池模組，透過訊號線連接自動量測地表至地底特定深度間之地層壓縮量；現場可以設定量測頻率（例如每小時量測一次）及啟動週期，數據資料儲存於自動記錄器，並定期將深層水準樁訊號回傳控制中心進行資料儲存與資料分析。截至105年底...
用水計畫摘要表,http://wise.wra.gov.tw/dataset/abstractofwaterusageplan,水利署自民國91年起依據經濟部頒「用水計畫書審查作業要點」規定，逐年辦理查核作業，以網路申報、檢討會議及現地訪查等方式以瞭解已核定用水計畫書之實際現況用水、節約用水措施及回收率之執行情形，以適時調整計畫用水量，以有效掌握區域水源開發與調控，促進國家整體水資源之有效利用。用水計畫查核機制於105年5月25日水利法修正公告施行第54條之3後已有法律位階授權...
水源保育與回饋計畫執行成果經費統計（保護區）,http://wise.wra.gov.tw/dataset/waterresourceconservationandcompensationfundstatistics_x0028_conservationarea_x0029_,為落實「受益者付費、受限者得償」的原則，民國93年6月30日總統公布之「自來水法部分條文修正案」規定，於自來水水質水量保護區內取用地面水或地下水者，應繳交水源保育與回饋費，並於95年1月1日起開徵。水源保育與回饋費專供水質水量保護區內使用，並依自來水法第12條之2第3項辦理水資源保育與環境生態保育基礎設施、居民公共福利回饋、受限土地補償及居民公益及水資...
節水快報,http://wise.wra.gov.tw/dataset/waterconservationnews,節水快報可由節約用水資訊網獲得最新的訊息，除此之外，相關舉辦的節水教育活動、節水教育宣導、節水教育課程、節水教育研討會等等，均能經由節約用水資訊網公告欄獲得最新的訊息。經濟部水利署對節約用水宣導及教育部不遺餘力，對節約用水的教育投入大量人力物力，多年來已獲致傲人成果，將平均每人每日用水量由1996年297公升降至2002年280公升。國內的節水教育主要...
水庫水情資料,http://wise.wra.gov.tw/dataset/reservoirconditiondata,本資料集主要係彙整台灣地區現有公告之水庫，包含水庫名稱、水情時間、本日集水區累積降雨量、進流量、水位、滿水位、有效蓄水量、蓄水百分比、水庫出流量、防洪運轉狀態等資料。本資料集來源係由水利署水利防災中心之災害緊急應變系統產出；由各水庫管理單位依水庫為自記儀器每小時自動產生或人工每日觀測一次，負責轉入或登錄（若遇颱風豪雨期間涉及防汛重點之水庫，需登錄每小時...
河川斷面樁位置圖,http://wise.wra.gov.tw/dataset/rivercrosspilelocation,水利署暨所屬機關提供各政府機關及受政府機關委託計畫之民間機構、團體或學術單位使用各河川斷面樁的相關點位資訊。
水庫蓄水範圍,http://wise.wra.gov.tw/dataset/reservoirstoragearea,水利署暨所屬機關提供各政府機關及受政府機關委託計畫之民間機構、團體或學術單位使用之台灣各水庫的蓄水範圍圖資相關資訊。
河川流域範圍圖,http://wise.wra.gov.tw/dataset/riverbasinrange,水利署暨所屬機關提供各政府機關及受政府機關委託計畫之民間機構、團體或學術單位使用各河川流域的相關範圍資訊。
防災資訊_水庫洩洪警戒,http://wise.wra.gov.tw/dataset/reservoirwarningondischargeofdisasterpreventioninformation,經濟部水利署災害緊急應變小組，運用長期防災應變等相關經驗，進一步結合雨量、水位、水庫等即時資料，透過電腦科技的運算，提供民眾與相關單位水庫警戒。讓民眾了解居家淹水風險，及早準備，降低災害的發生。
防災資訊_淹水警戒,http://wise.wra.gov.tw/dataset/floodwarningofdisasterpreventioninformation,經濟部水利署災害緊急應變小組，運用長期防災應變等相關經驗，進一步結合雨量、水位、水庫等即時資料，透過電腦科技的運算，提供民眾與相關單位即時淹水警戒。讓民眾了解居家淹水風險，及早準備，降低災害的發生。
水利防災資訊,http://wise.wra.gov.tw/dataset/disasterpreventioninformation,水利署整合了氣象、雨量、警戒、災情、崩塌、監控、淹水潛勢、土石流和水文水資源等資訊，提供KML下載，使用者可於「Google Earth」呈現了解即時的狀況。
石門水庫(含榮華壩)集水區範圍圖,http://wise.wra.gov.tw/dataset/catchmentareaofshimenreservoirandronghuadam,石門水庫（含榮華壩）集水區範圍位於桃園市境淡水河最大支流大漢溪上，行政區跨新北市、桃園市、宜蘭縣、新竹縣、苗栗縣等五個縣市。經濟部水利署北區水資源局於民國101年10月17日依據經濟部函頒「水庫集水區圖資製作與查認作業要點」第六條規定，提送石門水庫（含榮華壩）水庫集水區範圍。本水庫集水區範圍係以水庫大壩以上全流域稜線以內所涵蓋之區域為原則劃設而成，且同...
高屏溪水系荖濃溪支流隘寮溪河川區域圖,http://wise.wra.gov.tw/dataset/riverareamapofailiaoriver,由於社會發展迅速，沿岸土地利用及使用行為越來越多元，加以兩岸土地地籍重測、堤防護岸興建及自然環境變遷等因素，為使河川有效管理且顧及民眾權益及安全，需予劃定河川區域，釐訂管理範圍。依據水利法第78條之2與河川管理辦法第6及第7條規定，本署製作「高屏溪水系荖濃溪支流隘寮溪河川區域圖」，其係經測量製作為數值河川圖籍後再轉換為KML檔案以供使用者下載套匯，並僅...
高屏溪水系荖濃溪支流濁口溪河川區域圖,http://wise.wra.gov.tw/dataset/riverareamapofzhuokouriver,由於社會發展迅速，沿岸土地利用及使用行為越來越多元，加以兩岸土地地籍重測、堤防護岸興建及自然環境變遷等因素，為使河川有效管理且顧及民眾權益及安全，需予劃定河川區域，釐訂管理範圍。依據水利法第78條之2與河川管理辦法第6及第7條規定，本署製作「高屏溪水系荖濃溪支流濁口溪河川區域圖」，其係經測量製作為數值河川圖籍後再轉換為KML檔案以供使用者下載套匯，並僅...
水利署地層下陷磁環分層監測井監測資訊,http://wise.wra.gov.tw/dataset/waterresourcesagencycontinuouslandsubsidencemagneticringstationsubsidenceobservationdata,地層下陷監測資訊中之磁環分層監測井（簡稱地陷監測井）資訊係指將磁性感應環預先錨定於地層不同深度，再利用感應偵測設備，量測每一感應環距地表之深度，並分析各層次之壓縮量，以瞭解地層不同深度壓縮變化之資訊；其特點為可多層且有彈性的設定監測層次、量測精度及穩定性高，耐用性良好，是目前最適用於監測分層地層壓縮變化的儀器。截至目前為止，正常觀測之地陷監測井計有51...
水利署地層下陷磁環分層監測井基本資料,http://wise.wra.gov.tw/dataset/waterresourcesagencycontinuouslandsubsidencemagneticringstationprofile,本資料集提供全臺水利署所屬之磁環分層監測井（簡稱地陷監測井）基本資訊。地陷監測井之量測原理係將磁性感應環預先錨定於地層不同深度，再利用感應偵測設備，量測每一感應環距地表之深度，並分析各層次之壓縮量，以瞭解地層不同深度之沉陷變化；其特點為可多層且有彈性的設定監測層次、量測精度及穩定性高，耐用性良好，是目前最適用於監測分層地層壓縮變化的儀器之一。截至目前為...
水利署轄管河川綠美化場地可開放認養維護管理案件表,http://wise.wra.gov.tw/dataset/waterresourcesagencyrivergreenificationadoptablecases,本資料蒐集105年度經濟部水利署各所屬機關可開放認養維護轄管河川或排水等綠美化水岸土地相關資料，其資料內容為：項次、場地名稱、場地實際位置、面積（公頃）、現辦理綠美化場地維護管理工作單位、執行機關、備註等，上述資訊可以讓民眾瞭解經濟部水利署年度執行綠美化水岸土地維護成果及可供周遭民眾休閒遊憩使用之河川或排水綠美化場地資訊，另開放資料備註欄，提供申請認養...
水利署轄管河川或排水綠美化場地已認養維護管理案件表,http://wise.wra.gov.tw/dataset/waterresourcesagencyriverordrainagegreenificationadoptedcases,本資料內容蒐集本年度經濟部水利署辦理已認養維護轄管河川或排水等綠美化水岸土地資訊，其資料內容包含：項次、綠美化場地名稱、實際地點、面積〈公頃〉、維護管理單位及備註等。上述資訊可以讓民眾更加瞭解經濟部水利署年度執行綠美化水岸土地維護成果及可供周遭民眾休閒遊憩使用之河川或排水綠美化場地資訊，也可讓民眾瞭解本年度民間企業、團體或機構協助政府辦理綠美化場地清潔...
臺灣溫泉監測季報,http://wise.wra.gov.tw/dataset/taiwanhotspringobservationquarterlyreport,溫泉為臺灣所擁有的珍貴天然資源，為確保各地區溫泉資源的永續發展，建置及整合溫泉監測網是落實溫泉管理最重要的基礎工作。有效利用詳實、精確與完整的監測網，以驗證溫泉區可開發總量之推估是否正確，亦可運用於泉溫、泉質、水位即時預警應變之使用。長期且充分校驗之監測數據，更是進一步研析溫泉形成、補注與行政管理技術之參考。經濟部水利署自100年起辦理礁溪及四重溪之溫...
水利工程契約範本,http://wise.wra.gov.tw/dataset/hydraulicengineeringcontractsconventions,本資料集主要包含契約文件及效力、履約標的及地點、契約價金之給付、契約價金之調整、契約價金之給付條件、稅捐、履約期限、材料機具及設備、施工管理、監造作業、工程品管、災害處理、保險、保證金、驗收、操作維護資料及訓練、保固、遲延履約、權利及責任、契約變更及轉讓、契約終止解除及暫停執行、爭議處理及其他等。本資料集係依據行政院公共工程委員會所提供工程契約範本，並...
水利知識文章,http://wise.wra.gov.tw/dataset/hydraulicengineeringknowledgarticle,本資料集包含蒐集相關河川生態廊道、河川生態工程、生態旅遊、河川棲地等水利生態領域之相關學術研討會、產官學會、論壇、講座等的活動訊息或文章。本資料集係由水利署資訊室水利知識服務網資料庫管理系統所提供。主要以「預知民眾需求」、「環境教育」、「學術研究」為導向配合水利署河川水利生態主軸，進行相關訊息、文章資料蒐集、匯總與露出。每年不定期收錄活動訊息。期能透過...
警戒水位值,http://wise.wra.gov.tw/dataset/evaluatedalertwaterlevel,河川警戒水位係依水利法第七十四條：主管機關應酌量歷年水勢，決定設防之水位或日期。水利法施行細則第五十二條：本法第七十四條第一項所稱設防之水位，指由主管機關公告分級之警戒水位。河川管理辦法第二十六條：每一河川之警戒水位，由各該主管機關訂定並公告之。因此，依水利法施行細則第五十二條將警戒水位分為三級，並依各級警戒水位應採行措施分別訂定其預警時間。其中，一級...
自來水管承裝商聘僱中人員統計資料,http://wise.wra.gov.tw/dataset/hiringemployeestatisticsinformationoftapwaterpipeinstallationfactory,「自來水管承裝商」係指承攬裝修自來水導水、送水、配水管線及自來水用戶用水設備工程業務之公司或商號，須向所在地之主管機關進行「營業許可」申請後始得營業，分為甲、乙、丙三等，應具備資格、承辦工程範圍、及需聘僱人數均有差別。「自來水管承裝技工」指自來水管承裝商僱用裝修自來水導水、送水、配水管線及自來水用戶用水設備之技工。自來水管承裝技工考驗辦法依自來水法第九...
水利署列管計畫基本資料,http://wise.wra.gov.tw/dataset/waterresourcesagencycontrolledprojectinformation,為落實執行行政院列管計畫、行政院公共工程委員會一億元以上公共建設計畫、經濟部年度重要施政計畫及提升水利署計畫執行管考工作績效，故水利署建置相關系統，一方面，提供署內計畫控管人員定期填報列管計畫進度；另一方面，提供各業務單位透過系統定期回報發包工程、委託規劃執行進度及辦理情形。本資料集主要提供水利署受列管的計畫，其內容為每個月更新一次的列管計畫基本資料內...
枯旱預警,http://wise.wra.gov.tw/dataset/droughtwarning,本資料集主要係提供臺灣地區供水情勢(枯旱預警)通報，依通報日期將臺灣地區分為臺北市及新北市部分地區、新北市板新地區、基隆市及新北市汐止區、新北市部分地區、桃園市及新北市林口區、新竹縣(市)、苗栗縣、臺中市及彰化縣北部地區、南投縣、彰化縣南部地區、雲林縣、嘉義縣(市)、臺南市、高雄市、屏東縣北部地區、屏東縣南部地區、宜蘭縣、花蓮縣、臺東縣、澎湖縣、金門縣...
水利署地層下陷GPS測站監測資訊,http://wise.wra.gov.tw/dataset/waterresourcesagencycontinuouslandsubsidencegpsstationsubsidenceobservationdata,本資料集提供全臺地層下陷地區水利署所屬GPS連續固定站之高程資訊，讓使用者瞭解現有GPS連續固定站監測的資料時間段，與其對應的高程結果；目前署內共計有13個GPS固定站，包括彰化西港國小、新生國小、湖南國小、溪州國小、雲林新興國小、土庫國中、客厝國小、光復國小、林內國中、宏崙國小、台大醫院雲林虎尾院區、明德國小及嘉義布袋國小GPS固定站等。GPS連續固...
水利署地層下陷GPS測站基本資料,http://wise.wra.gov.tw/dataset/waterresourcesagencycontinuouslandsubsidencegpsstationprofile,本資料集提供全臺地層下陷地區水利署所屬GPS連續固定站之基本資訊，目前署內共計有13個GPS固定站，包括彰化西港國小、新生國小、湖南國小、溪州國小、雲林新興國小、土庫國中、客厝國小、光復國小、林內國中、宏崙國小、台大醫院雲林虎尾院區、明德國小及嘉義布袋國小GPS固定站等；GPS固定站設備主要包含GPS接收儀、網路系統、溫控散熱系統、防落雷突波裝置、備用...
牡丹水庫即時水情資訊,http://wise.wra.gov.tw/dataset/mudanreservoirrealtimedata,提供水利署南區水資源局所轄牡丹水庫即時水情資料，資料內容包括水庫水位、有效蓄水量、時雨量、本日累積雨量、觀測時間等。水位資料係於水庫適當位置設置水位計，於整點擷取水庫水位資料，並透過傳輸系統傳回管理單位資料庫。測得水庫水位資料後，並依據水庫淤積測量結果，即可得水庫有效蓄水量資料。時雨量資料則於水庫集水區適當位置設置多處雨量計，透過傳輸系統傳回管理單位資...
曾文水庫即時水情資訊,http://wise.wra.gov.tw/dataset/zengwenreservoirrealtimedata,提供水利署南區水資源局所轄曾文水庫即時水情資料，資料內容包括水庫水位、有效蓄水量、時雨量、本日累積雨量、觀測時間等。水位資料係於水庫適當位置設置水位計，於整點擷取水庫水位資料，並透過傳輸系統傳回管理單位資料庫。測得水庫水位資料後，並依據水庫淤積測量結果，即可得水庫有效蓄水量資料。時雨量資料則於水庫集水區適當位置設置多處雨量計，透過傳輸系統傳回管理單位資...
地下水觀測井位置圖_現存,http://wise.wra.gov.tw/dataset/existedgroundwaterwelllocation,"1.本資料集主要描述水利署暨所屬機關管轄地下水水質監測站位置圖，用以提供各政府機關及受政府機關委託計畫之民間機構、團體或學術單位使用，欄位顯示為現存站區域位置名稱，地理空間資料表現形式為點，
2.資料筆數總計767筆。..."
水庫營運,http://wise.wra.gov.tw/dataset/reservoirsoperationstatisticaldata,台灣早年即有水庫之建設，水庫管理更是本署的重要工作項目之一，本署每年針對公告水庫的基本資料進行維護，由水庫之管理單位依營管需要測量後並更新產製，內容包括年度、地區別、水庫名稱、期初存水量、進水量、發電水量(放流、回流)、各標的用水量(總計、農業用水、生活用水、工業用水)、其他放流量、洩洪量、損耗水量、年底水庫水量(期末存水量、淤積增減量、水位)等欄位，...
水源保育與回饋計畫執行成果經費統計(鄉鎮市區公所),http://wise.wra.gov.tw/dataset/waterresourceconservationandcompensationfundstatistics_x0028_towncityanddistrictoffice_x0029_,依自來水法第12-2條規定所徵收之水源保育與回饋費，由各保護區成立專戶運用小組管理運用，專供水質水量保護區內辦理水資源保育與環境生態保育基礎設施、居民公共福利回饋及受限土地補償之用，其支用項目依自來水法第12條之2第3項規定如下：一、辦理水資源保育、排水、生態遊憩觀光設施及其他水利設施維護管理事項。二、辦理居民就業輔導、具公益性之水資源涵養與保育之地方...
水庫淤積量,http://wise.wra.gov.tw/dataset/reservoirssedimentationstatisticaldata,台灣早年即有水庫之建設，水庫管理更是本署的重要工作項目之一，本署每年針對公告水庫的基本資料進行維護，由水庫之管理單位依營管需要測量後並更新產製，內容包括年度、地區別、水庫名稱、設計總容量、設計有效容量、目前總容量、目前有效容量、最近完成庫容測量時間、水庫淤積量等欄位，資料逐年更新，做為本署掌握各水庫淤積狀況的依據，並根據各水庫淤積狀況評估水庫壽命，執行...
水庫基本資料,http://wise.wra.gov.tw/dataset/reservoirsinformation,台灣早年即有水庫之建設，水庫管理更是本署的重要工作項目之一，本署每年針對公告水庫的基本資料進行維護，由水庫之管理單位依營管需要測量後並更新產製，內容包括年度、地區別、水庫名稱、所在(或越域引水)溪流名稱、位置(縣(市)鄉鎮)、型式、壩堰高、壩堰長、集水區面積、滿水位面積、設計總容量、設計有效容量、目前總容量、目前有效容量、最近完成庫容測量時間、功能等欄...
中央管水門,http://wise.wra.gov.tw/dataset/centralcontrolledwatergate,"資料來源為經濟部水利署104年辦理「中央管水門及抽水站資料庫建置計畫」,計畫範圍涵蓋全省中央管河川、區域排水及海堤水門,透過蒐集處理歷年水利建造物、水門資料卡、河川局水門維護廠商書圖報告等資料蒐集,歸納整理水門總數共計3957座,配合現有水門資料之蒐集與記錄,採現地調查方式,進行定位,坐標為TWD97【2010】坐標系統。屬性資料建置依據現地定位資訊進..."
中央管排水,http://wise.wra.gov.tw/dataset/centralcontrolleddrainage,資料來源為經濟部水利署水利規劃試驗所99年「中央管區域排水GIS系統建置及資料之統計分析」，所統整中央管區域排水系統資料，併同補充蒐集資料及現場調查資料進行數化建置之圖資。本計畫以公告之中央管區域排水，計36條排水，包含深澳坑溪排水、大內坑溪排水、塔寮坑溪排水、鶯歌溪(兔子坑溪)排水、福興溪排水、伯公岡支線、六股溪排水、德盛溪排水、四湖支線、鹽港溪排水...
中央管海堤,http://wise.wra.gov.tw/dataset/centralcontrolledseadike,資料來源為經濟部水利署98年辦理臺灣北部地區及中部地區、99年辦理臺灣南部地區及東部地區海岸海岸數值圖資建置及開發空間資訊系統全面調查管轄之一般性海堤歷年來所位屬之行政區域、建造數量、名稱、屬性及數化海岸線長度等基本資料，另加入100年度辦理主要離島地區(龜山島、小琉球、綠島、蘭嶼與澎湖群島)以及金門、馬祖地區，以航測技術產製海岸區正射影像及衛星影像圖...
中央管河川河堤,http://wise.wra.gov.tw/dataset/centralcontrolledriverbank,資料來源為經濟部水利署自102年度至104年度透過調查中央管河川水系治理計畫範圍之防洪工程基本資料，第一年期於102年度執行，包括淡水河、蘭陽溪、和平溪、鳳山溪、頭前溪、中港溪、後龍溪及大安溪等共八條河川；第二年期於103年度執行，包括大甲溪、烏溪、濁水溪、北港溪、朴子溪、八掌溪、急水溪及曾文溪等共八條河川；第三年期於104年度執行，包括鹽水溪、二仁溪...
水利署_施政計畫,http://wise.wra.gov.tw/dataset/waterresourcesagencyadministrativeplan,本資料內容係提供水利署施政計畫，包含重要河川環境營造計畫、海岸環境營造計畫及區域排水整治及環境營造計畫，說明約略含括計畫緣起（依據、未來環境預測、問題評析）、計畫目標（目標說明、達成目標之限制、預期績效指標及評估基準）、現行相關政策及方案之檢討（現行政策、改進策略建議）、執行策略方法（執行策略、主要工作、分年執行策略、執行步驟與分工）、期程與資源需求（...
水利署_行政指導文書,http://wise.wra.gov.tw/dataset/waterresourcesagencyadministrativeguidancedocuments,本資料內容包括防災避災工具、經濟部水利署轄管綠美化水岸土地維護管理要點、河川區域種植申請、水源保育與回饋業務、核發土地使用未違反水利法證明文件、地下水水權臨時用水登記申請手冊、地面水水權登記申請手冊、水庫蓄水範圍內施設建造物申請規定、節水小撇步及建築物雨水貯留利用之水質建議值等，期能藉此資訊的公布使民眾對相關要點與規定能獲得相當之理解及認識。...
水利署_相關行政救濟案例,http://wise.wra.gov.tw/dataset/waterresourcesagencyadministrativeremedycases,本資料內容除包括總目錄，提供案例彙編目錄及案例摘要與依據之法條外，主要係就水利法規（包括水利法、水權登記審查作業要點、溫泉法及溫泉開發許可辦法等）常見案例予以介紹，於每一則案例中，其內容除個案事實簡介外，尚包括訴願及行政救濟之理由，並附有訴願決定書、法院判決等文書連結以供查詢，期能藉此使同仁與民眾對水利法規或相關案例能獲得相當之理解及認識。...
防汛備料地點,http://wise.wra.gov.tw/dataset/flooddefensemateriallocation,"
本資料集主要描述水利署暨所屬機關管轄防汛備料地點資料，用以提供各政府機關及受政府機關委託計畫之民間機構、團體或學術單位使用，欄位顯示為防汛備料地點位置中文名稱，地理空間資料表現形式為點，資料筆數總計114筆。..."
抽水站位置圖,http://wise.wra.gov.tw/dataset/waterpumpingstationlocation,"
本資料集主要描述水利署暨所屬機關管轄近海雨量站現存站位置圖資料，用以提供各政府機關及受政府機關委託計畫之民間機構、團體或學術單位使用，欄位顯示為抽水站名稱，地理空間資料表現形式為點，資料筆數總計83筆。
防洪抽水站多設置於已完成整治之河道，於洪鋒通過時，水門已關閉之狀況下，將堤內積水以機械方式抽送至堤防外。
使用Google..."
水資源分區圖,http://wise.wra.gov.tw/dataset/waterresourceszoning,"
本資料集主要描述水資源分區圖資料，用以提供各政府機關及受政府機關委託計畫之民間機構、團體或學術單位使用，欄位顯示為區域範圍，地理空間資料表現形式為面，資料筆數總計4筆。
臺灣本島地區水資源分區，區分為北、中、南、東4區，並以縣市為空間單元進行區分。
使用Google..."
水資源局轄區範圍圖,http://wise.wra.gov.tw/dataset/waterresourcesofficejurisdiction,"
本資料集主要描述水資源局轄區範圍圖資料，用以提供各政府機關及受政府機關委託計畫之民間機構、團體或學術單位使用，欄位顯示為區域範圍，地理空間資料表現形式為面，資料筆數總計3筆。
水利署共設有北、中、南區水資源局，主要管理臺灣與離島地區水資源、水質水量之保護等工作，並再下轄各水庫、堰、壩等管理機關。
使用Google..."
水源特定區圖,http://wise.wra.gov.tw/dataset/watersourcesdistrict,"
本資料集主要描述水源特定區圖資料，用以提供各政府機關及受政府機關委託計畫之民間機構、團體或學術單位使用，欄位顯示為區域範圍，地理空間資料表現形式為面，資料筆數總計1筆。..."
自來水水質水量保護區圖,http://wise.wra.gov.tw/dataset/waterqualityandquantityprotectionarea,"
本資料集主要描述自來水水質水量保護區圖資料，用以提供各政府機關及受政府機關委託計畫之民間機構、團體或學術單位使用，欄位顯示為自來水水質水量保護區中文名稱，地理空間資料表現形式為面，資料筆數總計113筆。
依自來水法第11條規定劃設，為確保水質與水量供應品質，範圍內限制或禁止開發或污染行為。..."
水庫堰壩位置圖,http://wise.wra.gov.tw/dataset/reservoirdamlocation,"
本資料集主要描述水利署暨所屬機關管轄水庫、堰、壩等設施位置資料，水庫、堰、壩為人為工程，多設於河川、湖泊、水庫等地區。用以提供各政府機關及受政府機關委託計畫之民間機構、團體或學術單位使用，欄位顯示為水庫堰壩名稱，地理空間資料表現形式為點，資料筆數總計117筆。
使用Google..."
海氣象資料浮標站位置圖,http://wise.wra.gov.tw/dataset/distributionofwaterresourcesagencyscoastaldatabuoys,"
本資料集主要描述水利署暨所屬機關管轄海氣象資料浮標站位置圖資料，用以提供各政府機關及受政府機關委託計畫之民間機構、團體或學術單位使用，欄位顯示為測站名稱，地理空間資料表現形式為點，資料筆數總計5筆。..."
河川局管轄範圍圖,http://wise.wra.gov.tw/dataset/rivermanagementofficejurisdiction,"
本資料集主要描述水利署暨所屬機關管轄全臺河川流域範圍，水利署轄下共區分為10個河川局，共轄管臺灣25條中央管河川流域之河川水文、水理、水文氣象等資料。
河川局管轄範圍圖資料，用以提供各政府機關及受政府機關委託計畫之民間機構、團體或學術單位使用，欄位顯示為河川局中文名稱，地理空間資料表現形式為面，資料筆數總計10筆。
使用Google..."
近海水文氣象站位置圖,http://wise.wra.gov.tw/dataset/coastaloceanweatherstationlocation,"
本資料集主要描述水利署暨所屬機關管轄近海水文氣象站位置圖資料，用以提供各政府機關及受政府機關委託計畫之民間機構、團體或學術單位使用，欄位顯示為測站名稱，地理空間資料表現形式為點，資料筆數總計12筆。..."
近海水文潮位站位置圖,http://wise.wra.gov.tw/dataset/coastaloceantidestationlocation,"
本資料集主要描述水利署暨所屬機關管轄近海水文氣象站位置圖資料，用以提供各政府機關及受政府機關委託計畫之民間機構、團體或學術單位使用，欄位顯示為測站名稱，地理空間資料表現形式為點，資料筆數總計12筆。
近海水文潮位站主要觀測項目為潮位高程，目前已全部採用自動化觀測設備進行觀測，正常觀測為每小時潮位變化。
本資料僅納入測站基本資料，不包括實際觀測成果。..."
水利署雨量站位置圖_已廢站,http://wise.wra.gov.tw/dataset/waterresourcesagencyabolishedprecipitationstationlocation,"
本資料集主要描述水利署暨所屬機關管轄近海雨量站已廢站位置圖資料，用以提供各政府機關及受政府機關委託計畫之民間機構、團體或學術單位使用，欄位顯示為已廢測站名稱，地理空間資料表現形式為點，資料筆數總計76筆。
為充分隨時接收水情即時資訊，於各河川集水區及河道設置雨量站、水位站等，其目的在於從事一周詳之水文水理觀測，以獲取充分之基本資料。..."
水利署雨量站位置圖_現存站,http://wise.wra.gov.tw/dataset/waterresourcesagencyexistedprecipitationstationlocation,"
本資料集主要描述水利署暨所屬機關管轄近海雨量站現存站位置圖資料，用以提供各政府機關及受政府機關委託計畫之民間機構、團體或學術單位使用，欄位顯示為現存測站名稱，地理空間資料表現形式為點，資料筆數總計215筆。
為充分隨時接收水情即時資訊，於各河川集水區及河道設置雨量站、水位站等，其目的在於從事一周詳之水文水理觀測，以獲取充分之基本資料。..."
河川流量測站位置圖_已廢站,http://wise.wra.gov.tw/dataset/abolishedriverflowobservatorylocation,"
本資料集為描述水利署主管25條中央管河川設置之河川流量觀測站空間位置資料，用以提供各政府機關及受政府機關委託計畫之民間機構、團體或學術單位使用，欄位顯示為已廢測站名稱，地理空間資料表現形式為點，資料筆數總計339筆。
水利署所屬河川流量站已全部採用自動記錄方式觀測水位後，再依水位流量率定曲線轉換為流量。..."
河川流量測站位置圖_現存站,http://wise.wra.gov.tw/dataset/existedriverflowobservatorylocation,"
本資料集為描述水利署主管25條中央管河川設置之河川流量觀測站空間位置資料，用以提供各政府機關及受政府機關委託計畫之民間機構、團體或學術單位使用，欄位顯示為測站名稱，地理空間資料表現形式為點，資料筆數總計104筆。
水利署所屬河川流量站已全部採用自動記錄方式觀測水位後，再依水位流量率定曲線轉換為流量。..."
河川水位測站位置圖_已廢站,http://wise.wra.gov.tw/dataset/abolishedriverstageobservatorylocation,"
本資料集為描述水利署主管25條中央管河川設置之河川水位觀測站空間位置資料，用以提供各政府機關及受政府機關委託計畫之民間機構、團體或學術單位使用，欄位顯示為已廢測站名稱，地理空間資料表現形式為點，資料筆數總計168筆。
水利署所屬河川水位站已全部採用自動記錄方式觀測，本資料僅納入測站基本資料，不包括實際觀測成果之時序資料。
使用Google..."
河川水位測站位置圖_現存站,http://wise.wra.gov.tw/dataset/existedriverstageobservatorylocation,"
本資料集為描述水利署主管25條中央管河川設置之河川水位觀測站空間位置資料，用以提供各政府機關及受政府機關委託計畫之民間機構、團體或學術單位使用，欄位顯示為現存測站名稱，地理空間資料表現形式為點，資料筆數總計264筆。
水利署所屬河川水位站已全部採用自動記錄方式觀測，本資料僅納入測站基本資料，不包括實際觀測成果之時序資料。
使用Google..."
水資源研究發展專題報導,http://wise.wra.gov.tw/dataset/waterresourceresearchanddevelopmentprojectreport,收錄國內外水資源專業新知，經濟部水利署水利規劃試驗所（以下簡稱水規所），執行重大水利建設規劃試驗、建置與分享完整水利知識庫、提昇同仁研發的核心能力等措施，為臺灣水利事業作出卓越貢獻，未來更將持續引領臺灣水利規劃邁向新紀元，其中水資源研究發展專題報導係由水規所提供，資料建置的概念源自知識管理的內隱知識外露化，以各課室業務權責進行的規劃研究項目做專題式的說...
即時水位資料,http://wise.wra.gov.tw/dataset/realtimewaterlevel,經濟部水利署發布所屬分布於全台灣中央管河川或區域排水之水位觀測站所觀測之即時水位資料，資料內容包括各水位站當下最新之觀測水位資料、觀測日期及時間、水位站站號等。水位站即時觀測資料為每10分鐘紀錄1筆，因此資料更新頻率最快為每10分鐘1次。由於即時水位資料為即時發布之原始資料，因此資料未經任何檢核及品管程序，且資料可能因訊號傳輸中斷、儀器故障等因素導致部...
歷史淹水資料,http://wise.wra.gov.tw/dataset/historicalfloodingarea,本署河川局於中央氣象局發布豪大雨特報或颱風警報，倘轄區內降雨及積(淹)水達一定規模致發生淹水災害者，視災情自行啟動淹水災害調查，並由本署水利規劃試驗所彙整。僅供本署分析歷次淹水災害致災事件、範圍，以利工程成效分析之參考。本資料係屬大尺度之淹水調查。局部、零星、都市道路或低漥農漁塭區淹積水範圍則不在調查範圍內。本調查資料受限調查時間、人力及經費等諸多因素...
水利署_支付或接受之補助,http://wise.wra.gov.tw/dataset/waterresourcesagencysubsidycases,提供補助地方政府案件及捐助民間團體及個人案件
水利署_支付或接受之補助,http://wise.wra.gov.tw/dataset/waterresourcesagencysubsidycases,提供補助地方政府案件及捐助民間團體及個人案件
淹水潛勢圖,http://wise.wra.gov.tw/dataset/inundationprobabilitymaps,淹水潛勢圖是經設計降雨情境、特定水文地文條件及水理模式演算，模擬防洪設施於正常運作下可能的淹水情形。淹水潛勢圖之內容包含透過降雨組體圖說明設計降雨情境、依據不同淹水深度級距以不同顏色標示該淹水深度之範圍、使用限制說明。淹水潛勢圖係為預先掌握災害風險而產製，目前淹水潛勢圖無法模擬未來颱洪事件的降水歷程與淹水狀況，故產製時係依據水文分析之結果，設定不同之降...
水利署_預算書,http://wise.wra.gov.tw/dataset/waterresourcesagencybudgetreport,提供年度預算
水利署電子報,http://wise.wra.gov.tw/dataset/waterresourcesagencyelectronicnewspaper,本資料集透過每週發行之電子報，提供水利署焦點、專欄、活動、人事、統計、公告、成效、防災、宣導、樂活等水利相關事項。作為收集資料之入口，各項資料成為知識物件，流向河川知識服務網分類、儲存，建立核心知識庫，並利用該平台已建立之功能，整合e河川各項主題網站及水利規劃所臺灣河川復育網之資料，蒐集及探索河川知識元件，建立水利知識家資料庫、發展水利知識檢索工具、主...
河川代碼,http://wise.wra.gov.tw/dataset/rivercode,"台灣地區河川(含部分排水)代碼
備註：部分欄有空值係因代碼表有主流及支流上下層從屬關係，故需保留。"
水資源投資分析資料,http://wise.wra.gov.tw/dataset/waterresourceinvestmentanalysisinformation,本資料集主要提供臺灣地區歷年水資源投資概況，包含水資源投資金額調查及國內資本形成，生產毛額等經濟性數據蒐集成果。本資料集係由水利署水資源投資分析資料管理系統所提供，其調查彙整歷年中央各目的事業主管機關、縣市政府、農田水利會與國營事業單位等之水資源投資金額，為水資源投資分析資料統一之管理及查詢網站。本資料集內容關鍵在於掌握水資源投資金額與國內經濟概況，讓...
水利節表揚大會影像集,http://wise.wra.gov.tw/dataset/hydraulicengineeringfestivalawardceremonyvideoset,為表彰對水利業務有特殊、重大或傑出貢獻之人員，增進社會大眾對水利節慶的重視，廣為宣導愛護水資源觀念，鼓勵水利從業人員及全民參與水資源環境之永續發展，充分運用民間資源促進水利業務之推動，水利署每年於6月6日水利節期間，辦理水利節表揚大會等慶祝活動。本年度水利署愛水節水活動計畫以「善水‧惜水」為主軸，強調面對氣候變遷、自然環境改變及水資源匱乏的新挑戰，我們...
水利署及所屬單位會計報告,http://wise.wra.gov.tw/dataset/waterresourcesagencyunitaccountingreport,本資料集包括：「經費類平衡表、經費類現金出納表、經費累計表、以前年度歲出保留數餘額表、歲入類平衡表、歲入類現金出納表、歲入累計表、以前年度歲入保留數餘額表」。
水利署公務統計報表,http://wise.wra.gov.tw/dataset/waterresourcesagencyregisterstatisticalreport,提供公務統計報表
水資源作業基金法定預算,http://wise.wra.gov.tw/dataset/waterresourcesoperationfundsubordinateagencybudget,本資料集包括：「收支預計表及說明、現金流量預計表及補充說明、預計平衡表、餘絀撥補預計表」。
海水淡化廠營運概況,http://wise.wra.gov.tw/dataset/stateofdesalinationplantoperation,年報，次年4月底前上載；統計海水淡化廠之實際營運時間、海水取水量、實際造水量、濃鹽水排放量
自來水供水普及率,http://wise.wra.gov.tw/dataset/saturationofwatersupply,半年報，3月15日、9月15日前上載；按機構別(台灣自來水公司(一至十二區管理處)、臺北自來水事業處、金門、連江自來水廠)，提供人數計算之自來水供水普及率
河川名詞庫,http://wise.wra.gov.tw/dataset/riverterminologylibrary,為強化「名詞」成為水利署各資料串聯之主要媒介，利用「名詞庫」建立「鍵結資料」資料庫，河川名詞庫整合規劃將E河川網、本署全球資訊網、台灣河川復育網、永續公共工程專屬網、河川法規及e河川知識團等相關名詞單元內容納入名詞庫，利用知識服務網已建立之功能，彙整水利之各項資料，蒐集及探索知識元件，建立水利知識家資料庫、並利用名詞庫串聯建立文章之關聯，目前資料持續更...
水利署河川主題網站,http://wise.wra.gov.tw/dataset/waterresourcesagencyriverthemewebsite,本資料集主要係彙整水利署以及所屬機關河川主題之網站進行列表，並轉化成開放資料服務，期能提供使用者方辦查詢到河川相關網站並提供多元化資料開放格式給公眾加值應用，藉以提升水利資源資料運用效率及施政透明度，落實資源資訊共用共享理念。已將各主題網、台灣河川復育網、永續公共工程專屬網、水利電子報主題網、水資料應用平臺……等河川相關網站加以整理，並都納入知識網資訊...
水質水量保護區基本資料,http://wise.wra.gov.tw/dataset/waterqualityandquantityprotectionareaprofile,自來水水質水量保護區公告資料，包括公告日期、公告面積以及涵蓋範圍資訊。
河川局遠端監控影像,http://wise.wra.gov.tw/dataset/riverenvironmentalsurveillancegimage,本資料集為水利署各河川局疏濬工區遠端監控影像。本資料集係彙整水利署河川局各疏濬工區設置之管制站之監控影像，藉由管制站監控疏濬工區，使保全人員與巡防駐衛警能即時掌握狀況，以防範疏濬工區範圍內在「非作業時段出料」之違法行為、砂石車出場時確實加蓋防塵網以符合環保規範等；另外，砂石車在疏濬工區若大排長龍，則導致交通問題。透過影像與其管理者管理APP可進行線上監...
水利署藻類調查資料,http://wise.wra.gov.tw/dataset/waterresourcesagencyecologicalsurveydataofalgae,本資料集主要包含調查所在的流域、河川、樣點、日期、物種、使用方法以及數量。本資料集係由水利署水利規劃試驗所河川情勢調查資料庫管理系統所提供，彙整統合水利署歷年所完成之河川情勢資料，為河川情勢調查資料統一之管理及查詢網站。期盼作為河川水資源管理，生態環境維護、及對河川區域構造物辦理環境改善規劃需求時之參考資料。本資料集內容關鍵在於藻類物種、位置、時間，讓...
水利署蝦蟹貝類調查資料,http://wise.wra.gov.tw/dataset/waterresourcesagencyecologicalsurveydataofprawncrab,本資料集主要包含調查所在的流域、河川、樣點、日期、物種、使用方法以及數量。本資料集係由水利署水利規劃試驗所河川情勢調查資料庫管理系統所提供，彙整統合水利署歷年所完成之河川情勢資料，為河川情勢調查資料統一之管理及查詢網站。期盼作為河川水資源管理，生態環境維護、及對河川區域構造物辦理環境改善規劃需求時之參考資料。本資料集內容關鍵在於蝦蟹貝類物種、位置、時間...
水利署植物調查資料,http://wise.wra.gov.tw/dataset/waterresourcesagencyecologicalsurveydataofplantae,本資料集主要包含調查所在的流域、河川、樣點、日期、物種、使用方法以及數量。本資料集係由水利署水利規劃試驗所河川情勢調查資料庫管理系統所提供，彙整統合水利署歷年所完成之河川情勢資料，為河川情勢調查資料統一之管理及查詢網站。期盼作為河川水資源管理，生態環境維護、及對河川區域構造物辦理環境改善規劃需求時之參考資料。本資料及內容關鍵在於物種、位置、時間，讓使用...
水利署鳥類調查資料,http://wise.wra.gov.tw/dataset/waterresourcesagencyecologicalsurveydataofaves,本資料集主要包含調查所在的流域、河川、樣點、日期、物種、使用方法以及數量。本資料集係由水利署水利規劃試驗所河川情勢調查資料庫管理系統所提供，彙整統合水利署歷年所完成之河川情勢資料，為河川情勢調查資料統一之管理及查詢網站。期盼作為河川水資源管理，生態環境維護、及對河川區域構造物辦理環境改善規劃需求時之參考資料。本資料及內容關鍵在於物種、位置、時間，讓使用...
水利署陸上昆蟲類調查資料,http://wise.wra.gov.tw/dataset/waterresourcesagencyecologicalsurveydataofinsecta,本資料集主要包含調查陸上昆蟲類所在的流域、河川、樣點、日期、物種、使用方法以及數量。本資料集係由水利署水利規劃試驗所河川情勢調查資料庫管理系統所提供，彙整統合水利署歷年所完成之河川情勢資料，為河川情勢調查資料統一之管理及查詢網站。期盼作為河川水資源管理，生態環境維護、及對河川區域構造物辦理環境改善規劃需求時之參考資料。本資料集內容關鍵在於陸上昆蟲類物種...
水利署哺乳類調查資料,http://wise.wra.gov.tw/dataset/waterresourcesagencyecologicalsurveydataofmammal,本資料集主要包含調查所在的流域、河川、樣點、日期、物種、使用方法以及數量。本資料集係由水利署水利規劃試驗所河川情勢調查資料庫管理系統所提供，彙整統合水利署歷年所完成之河川情勢資料，為河川情勢調查資料統一之管理及查詢網站。期盼作為河川水資源管理，生態環境維護、及對河川區域構造物辦理環境改善規劃需求時之參考資料。本資料及內容關鍵在於物種、位置、時間，讓使用...
水利署爬蟲類調查資料,http://wise.wra.gov.tw/dataset/waterresourcesagencyecologicalsurveydataofreptile,本資料集主要包含調查所在的流域、河川、樣點、日期、物種、使用方法以及數量。本資料集係由水利署水利規劃試驗所河川情勢調查資料庫管理系統所提供，彙整統合水利署歷年所完成之河川情勢資料，為河川情勢調查資料統一之管理及查詢網站。期盼作為河川水資源管理，生態環境維護、及對河川區域構造物辦理環境改善規劃需求時之參考資料。本資料集內容關鍵在於爬蟲類物種、位置、時間，...
水利署兩棲類調查資料,http://wise.wra.gov.tw/dataset/waterresourcesagencyecologicalsurveydataofamphibia,本資料集主要包含調查所在的流域、河川、樣點、日期、物種、使用方法以及數量。本資料集係由水利署水利規劃試驗所河川情勢調查資料庫管理系統所提供，彙整統合水利署歷年所完成之河川情勢資料，為河川情勢調查資料統一之管理及查詢網站。期盼作為河川水資源管理，生態環境維護、及對河川區域構造物辦理環境改善規劃需求時之參考資料。本資料及內容關鍵在於物種、位置、時間，讓使用...
自來水管承裝商狀態統計,http://wise.wra.gov.tw/dataset/statusstatisticsofgoverningtapwaterpipeinstallationcontractors,「自來水管承裝商」係指承攬裝修自來水導水、送水、配水管線及自來水用戶用水設備工程業務之公司或商號，須向所在地之主管機關進行「營業許可」申請後始得營業，分為甲、乙、丙三等，甲等為資本額新臺幣一百萬元以上，聘僱有專任技術員一人及專任技工三人以上者，得承辦第二條所列之各項工程、乙等為資本額新臺幣五十萬元以上，聘僱有專任技工二人以上者，得承辦新臺幣一百萬元以下...
自來水管承裝商有效家數統計,http://wise.wra.gov.tw/dataset/vendorstatisticsofgoverningtapwaterpipeinstallationcontractors,「自來水管承裝商」係指承攬裝修自來水導水、送水、配水管線及自來水用戶用水設備工程業務之公司或商號，須向所在地之主管機關進行「營業許可」申請後始得營業，分為甲、乙、丙三等，甲等為資本額新臺幣一百萬元以上，聘僱有專任技術員一人及專任技工三人以上者，得承辦第二條所列之各項工程、乙等為資本額新臺幣五十萬元以上，聘僱有專任技工二人以上者，得承辦新臺幣一百萬元以下...
水庫每日營運狀況,http://wise.wra.gov.tw/dataset/dailyoperationalstatisticsofreservoirs,本資料集主要係彙整現有公告之水庫，水庫名稱、水庫編號、記錄時間、有效容量、呆水位、滿水位、集水區雨量、進水量、取用水量、排洪道流量、溢洪道流量、放流量合計、出水量合計…等資料。本資料集係由各水庫管理單位，資料來源為水利署水利防災中心之災害緊急應變系統內登錄所轄公告水庫之每日營運相關資料。資料庫管理系統所提供資料，主要為提供給關心台灣地區水庫水情之各界，...
水利署灌溉面積與灌溉用水量統計,http://wise.wra.gov.tw/dataset/waterresourcesagencyirrigationareaandwaterconsumptionstatisticsforagriculturalusage,本資料集為每年委辦統計前一年度資料並產製一次，各標的用水之運用情形，長久以來皆為經建、水利相關單位及各學術研究單位所重視，為使政府對於各項用水量，能有明確之統計數據，以利於各項用水政策的訂定，及各界進行水資源規劃之參考，本水利署為提供大眾此項寶貴資訊，固定每年出版用水統計報告。前揭統計年報之統計、編寫方式已沿用多年，近年來水資源開發及應用情勢變化日趨多...
水利署養殖面積與養殖用水量統計,http://wise.wra.gov.tw/dataset/waterresourcesagencycultivaionareaandwaterconsumptionstatisticsforagriculturalusage,本資料集為每年委辦統計前一年度資料並產製一次，各標的用水之運用情形，長久以來皆為經建、水利相關單位及各學術研究單位所重視，為使政府對於各項用水量，能有明確之統計數據，以利於各項用水政策的訂定，及各界進行水資源規劃之參考，本水利署為提供大眾此項寶貴資訊，固定每年出版用水統計報告。前揭統計年報之統計、編寫方式已沿用多年，近年來水資源開發及應用情勢變化日趨多...
水利署畜牧數與畜牧用水量統計,http://wise.wra.gov.tw/dataset/waterresourcesagencylivestockquantityandwaterconsumptionstatisticsforagriculturalusage,本資料集為每年委辦統計前一年度資料並產製一次，各標的用水之運用情形，長久以來皆為經建、水利相關單位及各學術研究單位所重視，為使政府對於各項用水量，能有明確之統計數據，以利於各項用水政策的訂定，及各界進行水資源規劃之參考，本水利署為提供大眾此項寶貴資訊，固定每年出版用水統計報告。前揭統計年報之統計、編寫方式已沿用多年，近年來水資源開發及應用情勢變化日趨多...
水利署各項農業用水統計,http://wise.wra.gov.tw/dataset/waterresourcesagencywaterconsumptionstatisticsforagriculturalusage,本資料集為每年委辦統計前一年度資料並產製一次，各標的用水之運用情形，長久以來皆為經建、水利相關單位及各學術研究單位所重視，為使政府對於各項用水量，能有明確之統計數據，以利於各項用水政策的訂定，及各界進行水資源規劃之參考，本水利署為提供大眾此項寶貴資訊，固定每年出版用水統計報告。前揭統計年報之統計、編寫方式已沿用多年，近年來水資源開發及應用情勢變化日趨多...
水利署工業用水量與工業面積,http://wise.wra.gov.tw/dataset/waterresourcesagencywaterconsumptionandareaforindustrialusage,本資料集為每年委辦統計前一年度資料並產製一次，各標的用水之運用情形，長久以來皆為經建、水利相關單位及各學術研究單位所重視，為使政府對於各項用水量，能有明確之統計數據，以利於各項用水政策的訂定，及各界進行水資源規劃之參考，本水利署為提供大眾此項寶貴資訊，固定每年出版用水統計報告。前揭統計年報之統計、編寫方式已沿用多年，近年來水資源開發及應用情勢變化日趨多...
水利署工業用水量來源統計,http://wise.wra.gov.tw/dataset/waterresourcesagencywatersourcestatisticsforindutrialusage,本資料集為每年委辦統計前一年度資料並產製一次，各標的用水之運用情形，長久以來皆為經建、水利相關單位及各學術研究單位所重視，為使政府對於各項用水量，能有明確之統計數據，以利於各項用水政策的訂定，及各界進行水資源規劃之參考，本水利署為提供大眾此項寶貴資訊，固定每年出版用水統計報告。前揭統計年報之統計、編寫方式已沿用多年，近年來水資源開發及應用情勢變化日趨多...
河川復育達人專欄,http://wise.wra.gov.tw/dataset/riverrestorationexpertcolumn,本資料集包含蒐集相關河川水質與生態、河川生態、魚道概說、親水遊憩、河岸植生、生態觀察/旅遊、河川廊道、生態工程、河川景觀整治工程、河川生態保育、教育等河川復育、保育相關文章。本資料集係由水利署資訊室臺灣河川復育網資料庫管理系統所提供。主要以「預知民眾需求」、「環境教育」、「學術研究」為導向配合水利署提出知相關主題，聘請河川復育生態相關領域之專家、達人、...
自來水水質水量保護區專戶運用小組名單,http://wise.wra.gov.tw/dataset/tapwaterqualityandquantityprotectionareasaccountmanagementboardlist,為因應國內各地不斷要求因自來水法水質水量保護區劃設而受限之回饋聲浪，經濟部遵照行政院91年8月5日核定「限制發展地區救助、回饋、補償處理原則」，及落實「受益者付費、受限者得償」之精神，在收支平衡及不增加國家財政負擔原則下，推動自來水法部分條文修正法案，經於93年6月30日總統公布實施後，並於95年1月1日起開徵水源保育與回饋費。...
河川復育英文版案例報導,http://wise.wra.gov.tw/dataset/riverrestorationcasereportinenglishedition,本資料集主要係就河川復育蒐集國內、國外的河川復育案例，以英文版案例報導，除提供國內民眾河川復育知識宣導，亦可透過本網站與國際進行知識交流，提高臺灣的能見度；自2000年至今，包含水利及水土保持相關單位多融入生態工程之概念於施作工程中，以當地天然材料為建材，進行預鑄格框護岸及漿砌塊石護岸與固床工之施作，創造多樣化的水域型態，營造魚類棲地，期許達到水患防治...
省水標章產品,http://wise.wra.gov.tw/dataset/waterconservationmarkproduct,經濟部水利署歷年推動並鼓勵消費者選用省水產品，除落實全民節水外，並可促進業界投入研發省水器材，藉以擴大省水標長產品之種類與範疇，自民國87年1月13日頒訂「省水標章作業要點」，全力推動省水標章制度，目前已開放11項省水器材項目。經過歷年推動成果，已於105年5月4日修正之自來水法，增訂第95條之1規定「法人、團體、個人於國內銷售中央主管機關指定之用水設...
河川復育常見問答,http://wise.wra.gov.tw/dataset/riverrestorationcommonquestionandanswer,本資料集包含蒐集相關河川生態廊道、河川生態工程、生態旅遊、防洪、環境改善、水利生態、河川棲地等水資源教室、河川復育、保育、河川日、水利常識、親水常問相關問答。本資料集係由水利署資訊室臺灣河川復育網資料庫管理系統所提供。主要以「預知民眾需求」、「環境教育」、「學術研究」為導向配合水利署河川復育主軸，和歷年來民眾常常詢問之問題，進行問題資料匯總與答案蒐集、...
水利署水利防災用影像,http://wise.wra.gov.tw/dataset/waterresourcesagencyrealtimeimagecapturedfordisasterprevention,本資料為記錄水利署於全台所建置之118處水情影像監視站錄影資料，從2005年起以每十分鐘一張的頻率記錄，對河川歷年演變情況進行長時間觀測，並提供防災與環境保育相關之影像加值與研究之用。另一方面由於大多數水位量測器都在水岸邊，常因洪水或水位暴漲而遭沖毀故障，以至於水情監測資料無法回傳或資料有誤，而監視站大多建在遠離淹水地區並以光學變焦方式進行遠端監控，因...
地下水水位觀測井井況,http://wise.wra.gov.tw/dataset/groundwaterwaterlevelobservationwellprofile,本資料集係經濟部水利署於全台各地下水區設置之地下水觀測站井井況資料，其中包含觀測井井號、設置位置、坐標、井深、井頂高、所屬地下水分區、地下水分層、開始觀測日期及廢站日期等基本資訊，除了解全台地下水觀測井分布及設置概況外，可配合各觀測井水位資料，進一步分析區域地下水文情勢。其中，本資料集之井頂高資料係指觀測井井口高程資料，其仍可能因地層下陷、地震等因素而...
地下水水位歷年統計,http://wise.wra.gov.tw/dataset/historicalstatisticsofgroundwaterlevel,本資料集係經濟部水利署全台各地下水觀測站之地下水位歷年統計資料，可藉其了解各觀測站井所在位置之地下水位歷年概況，包含歷年平均水位、最高水位、最低水位...等相關資訊，使用者可配合水利署公開之各地下水位觀測井井況資料，藉由觀測井座標等資訊進一步了解區域地下水位狀況。...
水權統計資料,http://wise.wra.gov.tw/dataset/waterrightsregistration,本資料集主要目的為提供全國有效水權件數及水量供民眾查詢，資料集資料內容為全國已核准通過之水權資料，欄位內容包括序號、年份、月份、主管機關、水源類別、用水標的、狀照類別、引用水源(河川)、引用水源(水系)...
水利署政府出版品書目,http://wise.wra.gov.tw/dataset/waterresourcesagencypublication,不定期提供本署出版品成果報告書書目訊息，包括題名、作者、出版項、出版日期、分類號、統一編號、中文摘要等訊息
